Method,Mean (%),Std (%),Min (%),Max (%),Median (%),IQR (%),N
Adaptive Gating,84.60317460317461,5.385401333333108,75.79365079365078,92.06349206349206,83.92857142857144,8.234126984126966,10
Baseline EEG-ARNN,84.12698412698413,5.6523440791591275,75.39682539682539,93.65079365079366,84.92063492063492,7.341269841269826,10
Static Gating,83.92857142857142,7.145918411219881,73.01587301587303,94.04761904761904,85.11904761904762,10.416666666666652,10
Early Halting,83.57142857142857,6.027451362562251,74.60317460317461,93.25396825396824,83.53174603174602,7.738095238095244,10
