K,Reduction (%),Baseline EEG-ARNN Acc (%),Baseline EEG-ARNN Drop (%),Static Gating Acc (%),Static Gating Drop (%),Adaptive Gating Acc (%),Adaptive Gating Drop (%),Early Halting Acc (%),Early Halting Drop (%)
10,84.375,79.26587301587301,5.82957746386849,82.88359788359789,1.1151857043925233,82.42063492063492,2.6033677881141943,79.88095238095238,4.336859206282033
15,76.5625,80.45634920634922,4.370223665110996,83.24074074074073,0.6479411693318882,82.56613756613757,2.5584699689808974,80.14550264550263,4.029202457288483
20,68.75,81.62698412698413,2.9257034546611296,82.63227513227514,1.3905856723121803,82.07671957671957,3.082012297268254,81.5079365079365,2.3262455457061697
25,60.9375,80.75396825396825,4.054071897294698,82.3148148148148,1.7158924849380242,82.56613756613757,2.4794376180693374,81.5873015873016,2.310217687321836
30,53.125,81.8452380952381,2.6631297029166268,82.92328042328045,1.0190990978813663,83.6243386243386,1.2005257164874243,82.48677248677248,1.2637405999409843
