Comparison,Mean Diff (%),t-statistic,p-value,Significant (α=0.05),Cohen's d
Baseline EEG-ARNN vs Static Gating,0.19841269841269993,0.2938917502151621,0.7755055776347681,No,0.09293673162131927
Baseline EEG-ARNN vs Adaptive Gating,-0.4761904761904745,-0.5345224838248475,0.6059307686316785,No,-0.16903085094570292
Baseline EEG-ARNN vs Early Halting,0.5555555555555602,0.7351470441147097,0.48096666029538526,No,0.23247390745427643
Static Gating vs Adaptive Gating,-0.6746031746031744,-0.6550855715768018,0.5287985871294449,No,-0.20715624684959544
Static Gating vs Early Halting,0.3571428571428603,0.44333839786659635,0.6679866323228318,No,0.14019591114683783
Adaptive Gating vs Early Halting,1.0317460317460347,0.9902815964321027,0.3479116204980416,No,0.31315453696731177
