rank,model,mean_accuracy,std_accuracy,mean_precision,std_precision,mean_recall,std_recall,mean_f1_score,std_f1_score,mean_auc_roc,std_auc_roc,mean_specificity,std_specificity,mean_sensitivity,std_sensitivity
1,EEGNet,0.8263654753877276,0.006405933917734308,0.8066271963330787,0.020912910618792968,0.8584835949847996,0.019730207450924353,0.8312509943713209,0.001858023125314412,0.910053989994229,0.004800232373497859,0.7944712058887204,0.03237443169517212,0.8584835949847996,0.019730207450924353
2,FBCSP,0.5873229939312206,0.016857720836142953,0.5911112355077872,0.01783537343882169,0.5558672636794026,0.015948454477778873,0.5729474527449677,0.016849891769357916,0.0,0.0,0.6185240311755791,0.01771757956267589,0.5558672636794026,0.015948454477778873
3,CNN-SAE,0.5020229265003371,0.0003371544167228291,0.0,0.0,0.0,0.0,0.0,0.0,0.896810386755585,0.003057749509670138,1.0,0.0,0.0,0.0
4,ACS-SE-CNN,0.5020229265003371,0.0003371544167228291,0.0,0.0,0.0,0.0,0.0,0.0,0.8100949703106537,0.08197047047798245,1.0,0.0,0.0,0.0
5,G-CARM,0.5020229265003371,0.0003371544167228291,0.0,0.0,0.0,0.0,0.0,0.0,0.5110414724177403,0.0016418616431090882,1.0,0.0,0.0,0.0
