,k,num_channels,accuracy,std,channel_reduction,accuracy_drop
ES,20.0,30.8,70.39494538445064,10.169505618279938,51.87500000000001,2.712718854296813
