Model,method,avg_accuracy,retention_pct,accuracy_drop,efficiency
Adaptive ARNN,GS,0.8515873015873016,99.92356544439812,0.0007936507936508106,0.049289947089947085
Baseline ARNN,ES,0.841984126984127,99.12136472146412,0.008015873015872981,0.048597089947089944
Baseline ARNN,AS,0.8401587301587301,98.88623219635872,0.009841269841269823,0.04864285714285714
Adaptive ARNN,AS,0.8254761904761905,96.91147017539238,0.026904761904761876,0.04762486772486772
Adaptive ARNN,ES,0.8245238095238094,96.75190668420709,0.027857142857142844,0.047601587301587305
