Model,N_Subjects,Accuracy,Std_Acc,Min_Acc,Max_Acc,Precision,Recall,F1-Score,AUC-ROC,Specificity
EEGNet,10,0.9023809523809524,0.05910197380678688,0.7896825396825395,0.9761904761904762,0.877907813599573,0.8202380952380952,0.8448542165571329,0.9238095238095237,0.9434523809523808
Adaptive ARNN,10,0.8523809523809524,0.05864429587908306,0.7579365079365079,0.9325396825396824,0.8120337576515,0.7238095238095237,0.7564065917894103,0.8632653061224491,0.9166666666666667
Baseline ARNN,10,0.85,0.051223107328000145,0.7658730158730158,0.9246031746031744,0.7955584158594614,0.7440476190476191,0.7626391276386518,0.8679634353741497,0.9029761904761904
CNN-SAE,10,0.8424603174603174,0.07034376113054205,0.7103174603174603,0.9285714285714284,0.8399943823970496,0.6559523809523811,0.7173774483302209,0.8604060374149659,0.9357142857142857
ACS-SE-CNN,10,0.8142857142857143,0.06785598253904467,0.6984126984126983,0.8968253968253969,0.777113639374187,0.6321428571428571,0.6743850818948525,0.8200892857142856,0.9053571428571429
G-CARM,10,0.7797619047619048,0.0696990796438504,0.6746031746031745,0.873015873015873,0.7515582947725201,0.544047619047619,0.5893360610058348,0.7769345238095238,0.8976190476190476
FBCSP,10,0.6317460317460318,0.0787631494854112,0.5079365079365079,0.746031746031746,0.4256159662341517,0.3142857142857143,0.35682659459037314,0.0,0.7904761904761903
