Model,Mean_Accuracy,Mean_F1,Mean_AUC,Std_Accuracy,Best_Subject_Wins,Median_Accuracy,Overall_Score,Rank
EEGNet,0.9023809523809524,0.8448542165571329,0.9238095238095237,0.05910197380678688,7,0.9146825396825398,0.8870890710443188,1
Baseline ARNN,0.85,0.7626391276386518,0.8679634353741497,0.051223107328000145,2,0.8452380952380953,0.8100283300204003,2
Adaptive ARNN,0.8523809523809524,0.7564065917894103,0.8632653061224491,0.05864429587908306,1,0.8472222222222223,0.8023868782233897,3
CNN-SAE,0.8424603174603174,0.7173774483302209,0.8604060374149659,0.07034376113054205,0,0.8492063492063493,0.7822726064343535,4
ACS-SE-CNN,0.8142857142857143,0.6743850818948525,0.8200892857142856,0.06785598253904467,0,0.8293650793650794,0.75183299364838,5
G-CARM,0.7797619047619048,0.5893360610058348,0.7769345238095238,0.0696990796438504,0,0.7837301587301587,0.7075144049061212,6
FBCSP,0.6317460317460318,0.35682659459037314,0.0,0.0787631494854112,0,0.623015873015873,0.4024414448101633,7
