subject,num_trials,num_channels,all_channels_acc,all_channels_std
S001,231,64,0.6843703148425787,0.08954272863568213
S002,231,64,0.6925037481259371,0.03163418290854575
S005,252,64,0.6507936507936508,0.023809523809523836
S006,252,64,0.6904761904761905,0.023809523809523836
S007,252,64,0.9126984126984127,0.0
